work_tract,C000,CA01,CA02,CA03,CE01,CE02,CE03,CNS01,CNS02,CNS03,CNS04,CNS05,CNS06,CNS07,CNS08,CNS09,CNS10,CNS11,CNS12,CNS13,CNS14,CNS15,CNS16,CNS17,CNS18,CNS19,CNS20,CR01,CR02,CR03,CR04,CR05,CR07,CT01,CT02,CD01,CD02,CD03,CD04,CS01,CS02,CFA01,CFA02,CFA03,CFA04,CFA05,CFS01,CFS02,CFS03,CFS04,CFS05,createdate,PercentWhite,PercentBlack,PercentHispanic,PercentAsian
1086.01,20927,6036,10863,4028,4128,9431,7368,0,1596,0,872,2389,2440,4272,4383,104,164,168,109,1006,486,637,104,49,1847,300,1,16645,2186,855,610,22,609,18442,2485,2390,5080,4845,2576,12985,7942,0,0,0,0,0,0,0,0,0,0,1069058707,0.795383954,0.104458355,0.118746117,0.029148946
1036.01,20299,3668,12091,4540,2406,4296,13597,13,3826,1439,668,34,270,232,345,618,549,286,1835,1029,1928,55,43,889,192,125,5923,16374,2358,691,333,9,534,19238,1061,1481,4212,5663,5275,12742,7557,0,0,0,0,0,0,0,0,0,0,443760218,0.806640721,0.116163358,0.052268585,0.016404749
1051,18095,3446,10669,3980,2013,5450,10632,1,3298,926,2129,1739,469,233,175,59,1557,268,1423,90,1586,214,785,121,395,492,2135,14480,1984,644,505,13,469,16761,1334,1727,4238,4858,3826,10299,7796,0,0,0,0,0,0,0,0,0,0,1714528115,0.800221056,0.109643548,0.073722023,0.027908262
1005,14722,1918,8513,4291,1345,6395,6982,0,21,0,191,393,343,369,85,0,136,109,180,260,327,68,484,0,74,530,11152,11162,1934,796,374,14,442,14081,641,1230,3720,4596,3258,6821,7901,0,0,0,0,0,0,0,0,0,0,1028716869,0.758185029,0.131368021,0.04354028,0.025404157
1066.04,14416,2513,8654,3249,2003,5275,7138,0,128,0,23,287,15,97,68,96,230,68,581,0,880,0,10693,1,187,37,1025,11298,1518,570,632,9,389,13504,912,980,2832,4403,3688,4143,10273,0,0,0,0,0,0,0,0,0,0,443760218,0.783712542,0.105299667,0.063263041,0.043840178
40109107002,14321,3400,7928,2993,3481,5830,5010,7,89,13,839,844,1668,1687,2431,55,497,209,847,597,1511,46,695,379,1445,427,35,11060,1794,601,387,10,469,12881,1440,1618,3494,3653,2156,8670,5651,0,0,0,0,0,0,0,0,0,0,746324003,0.772292438,0.125270582,0.100551637,0.027023253
40109102700,13579,2652,7842,3085,1438,5140,7001,0,0,0,0,159,2,5,0,3,95,1,107,0,381,7466,4729,4,541,0,86,10421,1523,438,864,11,322,12721,858,924,2489,3685,3829,4284,9295,0,0,0,0,0,0,0,0,0,0,201709190,0.76743501,0.11215848,0.063185802,0.06362766
40109108511,11586,3010,6493,2083,1769,4060,5757,0,1130,0,127,466,105,254,21,262,1589,98,1544,1284,2147,47,1202,27,1091,189,3,9084,1492,344,333,16,317,10871,715,917,2341,2926,2392,5570,6016,0,0,0,0,0,0,0,0,0,0,1069058707,0.784049715,0.128776109,0.061712412,0.028741585
40109106503,8921,3054,4187,1680,2947,3288,2686,0,117,1,55,397,476,3213,1,903,686,178,696,9,294,82,177,15,1356,167,98,6742,1277,324,284,3,291,8146,775,778,1684,1843,1562,3868,5053,0,0,0,0,0,0,0,0,0,0,443760218,0.755744872,0.143145387,0.086873669,0.031834996
40109108519,8237,1552,4893,1792,971,3036,4230,0,19,0,41,8,89,41,4,3,55,55,110,7,591,0,7083,79,2,50,0,6739,730,246,343,3,176,7801,436,555,1626,2459,2045,1966,6271,0,0,0,0,0,0,0,0,0,0,605127570,0.818137671,0.088624499,0.052931893,0.041641374
40109107101,7917,741,4754,2422,673,1572,5672,0,0,0,148,9,69,148,1035,2,26,262,1169,0,940,93,13,7,76,84,3836,6269,789,308,311,14,226,7453,464,420,2412,1973,2371,4946,2971,0,0,0,0,0,0,0,0,0,0,383247461,0.791840344,0.099658962,0.058608059,0.039282557
40109108318,7764,2077,4247,1440,1692,2757,3315,1,57,17,1135,1079,1190,860,330,125,114,88,390,23,438,117,501,115,1052,132,0,6189,936,249,193,12,185,6688,1076,908,1837,1846,1096,5066,2698,0,0,0,0,0,0,0,0,0,0,806836760,0.797140649,0.120556414,0.138588357,0.02485832
40109109100,7646,1635,4142,1869,1880,2176,3590,0,206,1,128,74,240,147,11,330,389,148,1504,1659,1322,42,43,136,808,313,145,6185,829,258,152,8,214,7121,525,671,1616,1926,1798,3894,3752,0,0,0,0,0,0,0,0,0,0,484102056,0.808919697,0.108422705,0.068663353,0.019879676
40109106200,7576,1545,4392,1639,1225,2293,4058,2,2259,89,353,359,283,207,42,344,502,44,705,16,378,42,600,46,371,421,513,6325,678,247,127,8,191,7039,537,732,1692,1919,1688,4443,3133,0,0,0,0,0,0,0,0,0,0,1089229626,0.834873284,0.089493136,0.070881732,0.016763464
40109105300,6770,1193,3996,1581,949,2650,3171,0,104,988,788,2198,868,227,411,4,15,82,64,0,209,0,72,1,455,284,0,5456,461,221,452,9,171,5913,857,944,1675,1704,1254,4864,1906,0,0,0,0,0,0,0,0,0,0,1230426059,0.805908419,0.068094535,0.126587888,0.06676514
40109103300,6754,1124,3420,2210,1324,2891,2539,7,0,0,86,146,39,39,0,0,3,11,5,0,2,6289,110,12,4,1,0,4600,1683,190,101,6,174,5986,768,639,1395,1789,1807,1841,4913,0,0,0,0,0,0,0,0,0,0,484102056,0.68107788,0.249185668,0.113710394,0.014954101
40109102500,5966,1273,3386,1307,1065,2495,2406,0,34,0,22,49,41,56,0,10,28,85,429,152,253,35,4244,9,450,44,25,4498,833,209,266,4,156,5590,376,470,1247,1665,1311,1916,4050,0,0,0,0,0,0,0,0,0,0,726153084,0.753938988,0.139624539,0.063023802,0.044585987
40109106913,5797,1137,3455,1205,746,2332,2719,0,57,0,583,852,1631,409,143,24,443,131,64,275,511,11,298,57,255,53,0,4784,495,253,96,4,165,5229,568,668,1479,1608,905,3942,1855,0,0,0,0,0,0,0,0,0,0,827007679,0.825254442,0.085388994,0.097981715,0.01656029
40109106100,5635,1377,2978,1280,1068,2555,2012,0,0,0,58,238,131,63,210,317,15,35,23,0,760,104,244,1185,145,178,1929,4048,904,326,161,2,194,5132,503,585,1325,1466,882,3400,2235,0,0,0,0,0,0,0,0,0,0,645469408,0.718367347,0.160425909,0.089263531,0.028571429
40109108602,5424,1097,3163,1164,670,1953,2801,0,582,0,663,872,1184,57,240,3,16,36,517,8,397,14,361,0,428,46,0,4427,494,223,133,5,142,4954,470,582,1391,1448,906,3911,1513,0,0,0,0,0,0,0,0,0,0,403418380,0.816187316,0.091076696,0.086651917,0.024520649
40109103800,5116,1955,2407,754,1816,1860,1440,0,20,0,136,57,128,539,33,236,25,37,473,257,197,233,140,224,2223,158,0,4071,582,183,105,7,168,4572,544,477,848,1039,797,2633,2483,0,0,0,0,0,0,0,0,0,0,645469408,0.795738858,0.113760751,0.106333073,0.020523847
40109108521,4813,1549,2447,817,1380,2216,1217,0,21,0,205,102,65,1814,12,64,380,43,190,1,1054,16,46,145,576,79,0,3683,745,161,102,5,117,4432,381,439,982,1140,703,2472,2341,0,0,0,0,0,0,0,0,0,0,363076542,0.765219198,0.154789113,0.079160607,0.021192603
40109107207,4619,1495,2298,826,1629,2026,964,0,12,0,93,25,53,1444,4,0,138,90,237,106,962,0,722,2,631,100,0,3589,555,228,86,3,158,4067,552,485,957,1048,634,2413,2206,0,0,0,0,0,0,0,0,0,0,484102056,0.77700801,0.120155878,0.119506387,0.018618749
40109106804,4549,981,2390,1178,1183,2357,1009,0,0,0,43,4,13,234,3,1,251,38,46,14,171,3128,212,3,331,35,22,3740,468,130,73,8,130,4177,372,382,1000,1162,1024,1448,3101,0,0,0,0,0,0,0,0,0,0,665640327,0.822158716,0.102879754,0.081776215,0.016047483
40109108303,4368,1588,1997,783,1646,1643,1079,0,27,0,83,7,150,1501,98,5,162,57,107,0,343,685,331,38,657,117,0,3469,511,134,134,1,119,4054,314,339,834,842,765,2181,2187,0,0,0,0,0,0,0,0,0,0,746324003,0.794184982,0.116987179,0.071886447,0.030677656
40109108317,4357,971,2439,947,792,1855,1710,0,42,58,388,411,692,499,4,95,125,46,583,56,201,104,903,11,30,109,0,3471,452,118,192,1,123,4075,282,449,967,1164,806,2246,2111,0,0,0,0,0,0,0,0,0,0,705982165,0.79664907,0.103741106,0.064723434,0.044067019
40109108220,4345,817,2396,1132,1237,1724,1384,0,9,0,62,1,10,360,1,2,71,10,17,1,21,3465,106,84,103,22,0,3797,296,108,55,3,86,4184,161,270,922,1115,1221,1180,3165,0,0,0,0,0,0,0,0,0,0,645469408,0.873878021,0.068124281,0.037054085,0.012658228
40109108315,4194,2020,1652,522,1925,1680,589,0,0,0,37,54,10,1355,0,131,265,54,37,0,83,52,472,162,1312,170,0,3108,690,143,99,3,151,3786,408,333,653,713,475,1813,2381,0,0,0,0,0,0,0,0,0,0,504272975,0.741058655,0.164520744,0.097281831,0.02360515
40109107303,4012,1058,2254,700,694,1538,1780,0,53,19,183,339,1307,536,290,127,88,72,28,322,169,63,21,22,227,146,0,3280,323,179,90,4,136,3674,338,412,997,1003,542,2857,1155,0,0,0,0,0,0,0,0,0,0,766494922,0.817547358,0.080508475,0.084247258,0.022432702
40109107604,3772,1106,1860,806,1235,1688,849,0,1,0,29,9,17,791,0,33,60,11,75,2,1,2119,39,0,564,21,0,2989,431,139,73,7,133,3554,218,288,733,868,777,1309,2463,0,0,0,0,0,0,0,0,0,0,302563785,0.792417815,0.11426299,0.057794274,0.019353128
40109108201,3630,1323,1614,693,1518,1338,774,1,29,0,114,79,25,852,0,24,58,215,202,74,52,110,517,227,820,160,71,2984,358,93,86,3,106,3362,268,291,723,780,513,1685,1945,0,0,0,0,0,0,0,0,0,0,1270767897,0.822038567,0.09862259,0.073829201,0.02369146
40109106608,3590,914,2017,659,538,1462,1590,0,193,0,18,15,75,221,0,243,441,98,977,86,128,32,782,1,201,77,2,2878,423,108,82,1,98,3319,271,296,702,896,782,1752,1838,0,0,0,0,0,0,0,0,0,0,544614813,0.801671309,0.117827298,0.075487465,0.022841226
40109107601,3227,740,1679,808,978,1098,1151,0,0,0,69,139,17,997,196,10,251,21,281,0,100,733,70,10,304,29,0,2561,346,101,97,9,113,3023,204,246,744,841,656,1799,1428,0,0,0,0,0,0,0,0,0,0,564785732,0.793616362,0.107220328,0.06321661,0.030058878
40109107405,3188,499,1968,721,204,600,2384,0,0,0,173,1891,2,44,22,3,9,32,320,0,26,0,614,0,45,7,0,2610,222,105,157,5,89,2952,236,244,675,895,875,2004,1184,0,0,0,0,0,0,0,0,0,0,484102056,0.818695107,0.069636136,0.074027604,0.049247177
40109103200,2997,566,1703,728,618,1226,1153,0,6,0,17,70,64,52,3,50,176,22,242,0,620,0,1009,118,87,146,315,2337,372,156,55,2,75,2831,166,272,738,788,633,1494,1503,0,0,0,0,0,0,0,0,0,0,847178598,0.77977978,0.124124124,0.055388722,0.018351685
40109106610,2885,991,1353,541,1120,1243,522,0,5,0,47,9,16,495,0,0,258,32,112,16,721,5,108,21,987,53,0,2155,422,114,88,2,104,2558,327,290,586,602,416,1491,1394,0,0,0,0,0,0,0,0,0,0,443760218,0.746967071,0.14627383,0.113344887,0.0305026
40109100100,2811,709,1421,681,921,1179,711,0,36,0,25,32,69,281,0,14,120,34,676,67,219,112,388,75,539,124,0,2253,278,97,102,2,79,2588,223,288,605,694,515,1289,1522,0,0,0,0,0,0,0,0,0,0,1169913302,0.80149413,0.09889719,0.079331199,0.036286019
40109108208,2767,535,1464,768,791,968,1008,0,1,0,26,4,6,87,52,1,34,15,83,0,131,1682,412,5,220,8,0,2247,302,64,86,2,66,2607,160,204,540,660,828,1193,1574,0,0,0,0,0,0,0,0,0,0,564785732,0.812070835,0.109143477,0.057824359,0.031080593
40109100800,2690,253,1604,833,150,597,1943,0,0,0,21,0,2,19,0,0,5,18,63,0,40,0,2415,0,83,23,1,1716,531,90,231,7,115,2580,110,66,212,934,1225,1113,1577,0,0,0,0,0,0,0,0,0,0,342905623,0.637918216,0.19739777,0.040892193,0.085873606
40109106501,2593,619,1367,607,998,899,696,0,209,0,38,8,29,345,27,50,83,21,148,2,652,0,691,1,238,45,6,1976,403,83,49,2,80,2339,254,287,577,659,451,962,1631,0,0,0,0,0,0,0,0,0,0,665640327,0.762051678,0.155418434,0.097956035,0.01889703
40109108304,2553,910,1198,445,951,1031,571,0,9,0,60,22,111,507,17,53,183,14,183,11,102,3,485,29,480,284,0,2019,322,93,57,2,60,2394,159,234,499,547,363,1108,1445,0,0,0,0,0,0,0,0,0,0,1008545950,0.790834313,0.126126126,0.062279671,0.022326675
40109107403,2519,333,1116,1070,966,485,1068,0,2,0,39,1132,70,43,314,9,24,96,141,0,215,166,9,33,187,39,0,2009,258,87,99,1,65,2349,170,226,668,757,535,1725,794,0,0,0,0,0,0,0,0,0,0,423589299,0.797538706,0.102421596,0.067487098,0.03930131
40109108113,2429,780,1129,520,916,962,551,2,12,61,203,19,152,1027,0,14,65,48,127,4,124,1,99,19,394,52,6,1973,215,89,79,4,69,2234,195,231,568,511,339,1150,1279,0,0,0,0,0,0,0,0,0,0,645469408,0.812268423,0.088513792,0.080279951,0.032523672
40109107206,2365,808,1137,420,900,933,532,3,4,61,59,22,55,279,0,0,73,12,175,0,256,8,375,63,842,78,0,1922,228,83,69,4,59,2003,362,232,466,502,357,1002,1363,0,0,0,0,0,0,0,0,0,0,584956651,0.812684989,0.09640592,0.153065539,0.029175476
40109101000,2251,423,1187,641,625,885,741,0,1,0,19,11,0,332,3,0,17,16,105,2,84,1104,73,8,282,131,63,1714,184,68,214,4,67,2075,176,205,433,576,614,1025,1226,0,0,0,0,0,0,0,0,0,0,625298489,0.76143936,0.081741448,0.078187472,0.095068858
40109105800,2227,585,1223,419,328,1032,867,0,11,0,405,909,116,310,74,90,0,26,21,0,108,0,50,0,27,80,0,1683,335,87,60,2,60,1977,250,241,545,548,308,1698,529,0,0,0,0,0,0,0,0,0,0,746324003,0.755725191,0.150426583,0.112258644,0.026942075
40109106502,2197,631,1123,443,747,846,604,0,22,0,47,86,18,665,6,53,77,45,182,15,520,26,198,2,201,34,0,1702,281,101,49,0,64,2040,157,199,472,543,352,1117,1080,0,0,0,0,0,0,0,0,0,0,907691355,0.774692763,0.127901684,0.071461083,0.022303141
40109101500,2183,268,1224,691,233,691,1259,0,0,0,3,0,0,12,1,0,430,7,531,3,16,75,58,6,145,153,743,1688,260,75,96,0,64,2096,87,153,494,649,619,1021,1162,0,0,0,0,0,0,0,0,0,0,443760218,0.773247824,0.119102153,0.039853413,0.04397618
40109108314,2169,964,864,341,937,950,282,0,0,0,0,4,7,1512,0,3,6,41,105,0,29,0,62,0,374,26,0,1630,319,88,50,0,82,2019,150,194,442,375,194,947,1222,0,0,0,0,0,0,0,0,0,0,201709190,0.751498386,0.147072384,0.069156293,0.023052098
40109108301,2100,367,1184,549,261,635,1204,0,384,0,28,75,10,61,3,395,146,24,275,0,37,107,490,0,42,23,0,1769,160,76,35,0,60,1971,129,138,427,601,567,1069,1031,0,0,0,0,0,0,0,0,0,0,342905623,0.842380952,0.076190476,0.061428571,0.016666667
40109108207,2084,581,1045,458,468,610,1006,13,29,99,53,0,5,274,0,56,149,37,101,0,38,0,403,84,248,33,462,1771,140,64,39,1,69,1993,91,137,447,525,394,1073,1011,0,0,0,0,0,0,0,0,0,0,625298489,0.849808061,0.067178503,0.043666027,0.018714012
40109107401,2042,407,1266,369,413,676,953,0,15,0,53,323,74,54,353,797,5,6,122,0,213,0,15,0,9,3,0,1570,279,95,45,0,53,1857,185,236,618,520,261,1612,430,0,0,0,0,0,0,0,0,0,0,322734704,0.768854065,0.136630754,0.090597453,0.022037218
40109108603,2006,368,1233,405,168,824,1014,0,3,0,192,629,472,65,20,0,13,46,160,0,303,69,20,8,0,6,0,1559,199,92,99,0,57,1661,345,280,496,553,309,1484,522,0,0,0,0,0,0,0,0,0,0,584956651,0.777168495,0.099202393,0.171984048,0.049351944
40109108302,2004,503,1049,452,351,738,915,7,86,0,131,20,75,920,76,76,45,22,141,12,136,7,60,6,30,130,24,1660,178,65,49,2,50,1880,124,208,477,503,313,1409,595,0,0,0,0,0,0,0,0,0,0,584956651,0.828343313,0.088822355,0.061876248,0.024451098
40109100200,1956,519,1000,437,586,744,626,0,3,0,23,26,59,313,2,253,141,50,42,0,149,83,160,0,420,74,158,1482,275,75,62,2,60,1766,190,173,374,471,419,901,1055,0,0,0,0,0,0,0,0,0,0,1008545950,0.757668712,0.140593047,0.097137014,0.031697342
40109101900,1954,393,1169,392,262,467,1225,0,0,0,7,14,21,106,2,2,1366,79,52,2,6,1,61,31,183,11,10,1610,171,57,57,1,58,1820,134,99,328,505,629,690,1264,0,0,0,0,0,0,0,0,0,0,605127570,0.82395087,0.087512794,0.068577277,0.029170931
40109108110,1953,657,955,341,742,588,623,3,8,0,89,11,621,55,38,8,42,9,100,0,48,10,148,428,301,34,0,1515,279,60,42,4,53,1789,164,155,410,416,315,1080,873,0,0,0,0,0,0,0,0,0,0,705982165,0.775729647,0.142857143,0.083973374,0.021505376
40109106000,1944,656,896,392,693,732,519,8,8,0,229,180,84,15,11,1,0,49,0,139,816,0,10,144,206,20,24,1521,262,55,40,3,63,1673,271,267,430,379,212,1246,698,0,0,0,0,0,0,0,0,0,0,544614813,0.782407407,0.134773663,0.139403292,0.020576132
40109107500,1929,389,1037,503,318,611,1000,0,0,0,1,171,73,93,480,0,2,0,176,18,248,136,27,7,492,5,0,1480,278,50,69,1,51,1816,113,156,443,481,460,1269,660,0,0,0,0,0,0,0,0,0,0,242051028,0.76723691,0.144116122,0.058579575,0.035769829
40109107306,1896,458,1052,386,327,791,778,0,576,0,165,237,100,167,60,0,49,58,40,0,180,41,143,23,57,0,0,1520,196,71,42,4,63,1608,288,260,529,467,182,1350,546,0,0,0,0,0,0,0,0,0,0,282392866,0.801687764,0.103375527,0.151898734,0.022151899
40109108528,1893,272,1152,469,312,612,969,0,1,0,12,0,25,14,0,8,1101,1,23,0,13,622,30,2,33,8,0,1530,224,48,47,1,43,1770,123,107,386,520,608,777,1116,0,0,0,0,0,0,0,0,0,0,181538271,0.808240887,0.118330692,0.064976228,0.024828315
40109108307,1869,425,1113,331,475,583,811,0,1,0,17,5,2,285,0,8,165,24,122,1,758,147,78,47,199,10,0,1436,268,58,41,4,62,1741,128,186,388,466,404,912,957,0,0,0,0,0,0,0,0,0,0,504272975,0.768325308,0.143392188,0.068485821,0.021936865
40109107305,1837,325,1028,484,278,661,898,0,34,0,318,194,284,47,370,0,0,69,2,26,90,175,136,0,0,92,0,1504,200,67,29,1,36,1587,250,252,512,467,281,1316,521,0,0,0,0,0,0,0,0,0,0,463931137,0.818726184,0.108873163,0.136091453,0.015786609
40109108801,1710,305,943,462,524,789,397,4,29,11,110,49,51,107,11,3,19,9,64,0,22,861,257,0,59,22,22,1448,121,62,20,1,58,1650,60,186,383,470,366,620,1090,0,0,0,0,0,0,0,0,0,0,867349517,0.846783626,0.070760234,0.035087719,0.011695906
40109107221,1670,664,762,244,819,663,188,0,2,0,5,9,0,380,0,0,164,5,55,0,377,0,156,15,456,46,0,1235,258,79,36,3,59,1449,221,169,324,330,183,672,998,0,0,0,0,0,0,0,0,0,0,221880109,0.739520958,0.154491018,0.132335329,0.021556886
40109106803,1665,547,794,324,489,700,476,0,0,0,165,10,9,194,1,2,114,11,58,0,13,0,720,71,162,75,60,1353,138,49,92,1,32,1525,140,158,322,374,264,654,1011,0,0,0,0,0,0,0,0,0,0,867349517,0.812612613,0.082882883,0.084084084,0.055255255
40109108404,1663,399,898,366,367,691,605,4,5,0,17,3,17,64,122,0,10,6,55,32,549,231,289,150,31,12,66,1196,332,43,38,1,53,1559,104,126,361,428,349,681,982,0,0,0,0,0,0,0,0,0,0,463931137,0.719182201,0.199639206,0.062537583,0.022850271
40109102900,1625,314,941,370,272,635,718,0,0,0,12,46,533,131,42,0,0,206,0,0,260,0,58,0,29,57,251,1203,281,58,36,0,47,1459,166,203,426,447,235,971,654,0,0,0,0,0,0,0,0,0,0,342905623,0.740307692,0.172923077,0.102153846,0.022153846
40109106912,1614,320,928,366,296,631,687,0,48,0,68,468,189,188,12,130,2,17,24,0,258,0,115,0,8,87,0,1272,225,53,21,4,39,1417,197,231,406,417,240,1090,524,0,0,0,0,0,0,0,0,0,0,322734704,0.788104089,0.139405204,0.122057001,0.013011152
40109108508,1608,508,794,306,411,614,583,0,4,0,12,0,16,54,2,0,72,23,140,416,79,45,106,4,617,18,0,1216,260,44,40,1,47,1483,125,129,308,391,272,682,926,0,0,0,0,0,0,0,0,0,0,363076542,0.756218905,0.161691542,0.077736318,0.024875622
40109105700,1590,273,878,439,304,768,518,0,0,0,139,81,309,169,105,8,100,22,33,0,150,0,9,7,157,108,193,1271,181,61,28,2,47,1387,203,219,445,402,251,994,596,0,0,0,0,0,0,0,0,0,0,625298489,0.799371069,0.113836478,0.127672956,0.017610063
40109108515,1567,383,837,347,478,554,535,1,19,0,10,17,34,124,7,5,167,36,106,158,57,62,492,0,152,120,0,1201,205,38,69,8,46,1462,105,155,365,390,274,739,828,0,0,0,0,0,0,0,0,0,0,625298489,0.766432674,0.130823229,0.06700702,0.044033184
40109107212,1542,275,821,446,642,463,437,0,3,0,13,0,39,29,13,0,2,55,40,0,54,1014,83,0,102,4,91,1248,128,61,49,1,55,1420,122,131,347,374,415,700,842,0,0,0,0,0,0,0,0,0,0,383247461,0.809338521,0.083009079,0.079118029,0.031776913
40109108007,1524,282,881,361,310,602,612,0,1,0,4,0,17,119,0,0,58,7,12,0,43,0,1162,0,95,6,0,1150,198,58,71,1,46,1451,73,110,287,502,343,458,1066,0,0,0,0,0,0,0,0,0,0,544614813,0.754593176,0.12992126,0.047900262,0.046587927
40109109201,1511,345,817,349,305,608,598,37,4,0,665,10,111,16,44,0,21,19,72,2,74,155,112,2,137,23,7,1288,100,49,22,2,50,1284,227,179,370,353,264,975,536,0,0,0,0,0,0,0,0,0,0,1432135249,0.852415619,0.066181337,0.150231635,0.014559894
40109103400,1475,252,810,413,130,636,709,14,25,0,283,547,262,150,7,0,0,24,0,85,59,0,0,0,0,19,0,1268,94,51,17,2,43,1309,166,182,416,405,220,1183,292,0,0,0,0,0,0,0,0,0,0,584956651,0.859661017,0.063728814,0.112542373,0.011525424
40109107804,1452,463,673,316,568,699,185,0,0,0,4,1,2,772,2,1,28,14,55,0,22,113,6,0,281,61,90,1115,185,53,49,2,48,1362,90,142,360,315,172,678,774,0,0,0,0,0,0,0,0,0,0,443760218,0.767906336,0.127410468,0.061983471,0.033746556
40109108504,1435,423,745,267,412,583,440,0,69,0,62,3,55,32,1,0,70,77,139,42,53,13,429,46,337,7,0,1130,189,54,22,4,36,1336,99,128,246,341,297,628,807,0,0,0,0,0,0,0,0,0,0,907691355,0.787456446,0.131707317,0.068989547,0.01533101
40109106602,1378,302,707,369,350,649,379,0,7,0,38,0,35,194,47,18,87,33,103,0,276,0,379,1,148,12,0,1098,166,46,24,3,41,1288,90,128,306,387,255,608,770,0,0,0,0,0,0,0,0,0,0,484102056,0.796806967,0.120464441,0.065312046,0.017416546
40109105903,1368,227,802,339,230,613,525,0,1,0,164,408,32,84,0,3,32,48,87,0,341,9,46,11,88,14,0,1076,154,56,40,4,38,1249,119,177,336,390,238,865,503,0,0,0,0,0,0,0,0,0,0,403418380,0.786549708,0.112573099,0.086988304,0.029239766
40109108507,1363,280,702,381,302,509,552,0,53,0,182,201,35,361,2,8,127,15,77,0,84,0,29,0,128,61,0,1135,115,46,17,0,50,1220,143,158,347,382,196,833,530,0,0,0,0,0,0,0,0,0,0,161367352,0.832721937,0.084372707,0.104915627,0.012472487
40109108512,1342,295,781,266,279,387,676,3,13,11,129,1,35,58,53,4,16,15,279,2,12,542,13,70,56,15,15,1175,62,45,30,1,29,1262,80,96,307,319,325,692,650,0,0,0,0,0,0,0,0,0,0,1069058707,0.875558867,0.046199702,0.059612519,0.022354694
40109108529,1308,438,633,237,448,589,271,0,14,0,4,397,11,223,10,1,51,4,130,0,42,9,131,0,211,70,0,1033,153,66,20,0,36,1157,151,149,271,282,168,663,645,0,0,0,0,0,0,0,0,0,0,302563785,0.789755352,0.116972477,0.115443425,0.01529052
40109101600,1304,265,757,282,144,542,618,0,0,0,95,253,56,225,9,25,32,21,141,167,27,0,73,1,26,84,69,1010,182,44,24,1,43,1153,151,131,370,342,196,859,445,0,0,0,0,0,0,0,0,0,0,403418380,0.774539877,0.139570552,0.115797546,0.018404908
40109107209,1302,367,692,243,382,572,348,0,0,0,18,22,45,233,1,155,14,41,23,0,6,46,431,20,226,21,0,1015,172,51,21,2,41,1144,158,122,255,322,236,607,695,0,0,0,0,0,0,0,0,0,0,484102056,0.779569892,0.132104455,0.121351767,0.016129032
40109108008,1279,348,697,234,329,513,437,21,0,0,23,0,0,254,1,10,18,6,11,2,128,0,443,26,38,30,268,948,202,47,42,4,36,1180,99,96,286,317,232,618,661,0,0,0,0,0,0,0,0,0,0,423589299,0.741204066,0.157935887,0.077404222,0.032838155
40109108514,1253,544,539,170,547,465,241,0,11,0,3,1,50,203,14,2,96,13,73,5,41,10,158,29,498,46,0,1010,137,38,37,1,30,1135,118,108,223,224,154,557,696,0,0,0,0,0,0,0,0,0,0,443760218,0.806065443,0.10933759,0.094173982,0.02952913
40109107806,1216,285,671,260,242,524,450,0,1,30,164,96,138,171,151,0,8,23,16,0,153,0,102,25,57,78,3,978,149,41,10,2,36,1085,131,117,288,351,175,752,464,0,0,0,0,0,0,0,0,0,0,806836760,0.804276316,0.122532895,0.107730263,0.008223684
40109108213,1199,425,543,231,398,487,314,11,29,0,158,14,71,19,74,2,32,8,75,8,28,16,303,307,9,35,0,1033,91,29,18,5,23,1076,123,110,197,261,206,661,538,0,0,0,0,0,0,0,0,0,0,1008545950,0.861551293,0.07589658,0.102585488,0.01501251
40109105600,1171,224,791,156,218,332,621,0,41,0,27,73,50,20,23,51,0,15,1,0,663,0,33,0,165,9,0,910,142,53,34,1,31,1043,128,131,320,315,181,823,348,0,0,0,0,0,0,0,0,0,0,484102056,0.777113578,0.121263877,0.109308284,0.029035013
40109107703,1146,280,572,294,288,495,363,0,0,0,178,268,1,67,13,5,67,20,70,19,21,0,229,12,168,8,0,860,157,58,32,2,37,1066,80,119,270,295,182,520,626,0,0,0,0,0,0,0,0,0,0,383247461,0.7504363,0.136998255,0.069808028,0.027923211
40109106606,1137,156,670,311,149,511,477,0,0,0,1,3,5,67,10,0,38,0,5,0,5,0,982,0,0,21,0,899,114,43,60,0,21,1069,68,76,244,379,282,272,865,0,0,0,0,0,0,0,0,0,0,161367352,0.790677221,0.100263852,0.059806508,0.052770449
40109106302,1126,215,596,315,163,532,431,4,16,0,126,113,77,51,1,0,39,137,45,0,134,6,337,9,7,24,0,905,126,40,29,2,24,1047,79,101,290,341,179,608,518,0,0,0,0,0,0,0,0,0,0,625298489,0.803730018,0.111900533,0.070159858,0.025754885
40109105907,1100,218,606,276,246,486,368,0,7,0,324,29,313,33,147,0,0,11,1,0,103,0,50,0,69,13,0,843,156,55,19,3,24,888,212,192,270,271,149,766,334,0,0,0,0,0,0,0,0,0,0,484102056,0.766363636,0.141818182,0.192727273,0.017272727
40109109003,1100,289,570,241,353,393,354,0,8,60,140,34,0,185,10,0,34,9,21,0,16,351,100,0,84,20,28,963,37,63,10,0,27,1062,38,84,263,258,206,481,619,0,0,0,0,0,0,0,0,0,0,463931137,0.875454545,0.033636364,0.034545455,0.009090909
40109108527,1098,484,479,135,546,396,156,0,4,0,22,5,4,184,1,2,1,244,23,3,193,0,164,0,224,24,0,814,166,52,30,2,34,1011,87,92,180,204,138,574,524,0,0,0,0,0,0,0,0,0,0,423589299,0.741347905,0.151183971,0.079234973,0.027322404
40109106705,1087,272,576,239,273,389,425,0,102,0,18,20,17,83,1,1,74,8,283,0,59,2,141,0,215,63,0,900,97,32,22,5,31,997,90,96,204,261,254,551,536,0,0,0,0,0,0,0,0,0,0,403418380,0.827966881,0.089236431,0.082796688,0.02023919
40109108204,1076,308,540,228,370,425,281,0,0,0,152,10,42,143,21,15,39,83,147,19,98,14,108,9,104,72,0,854,114,27,46,1,34,999,77,114,225,281,148,597,479,0,0,0,0,0,0,0,0,0,0,524443894,0.793680297,0.105947955,0.071561338,0.042750929
40109108216,1068,393,471,204,462,473,133,0,4,0,60,13,16,532,41,3,29,2,40,0,13,0,21,13,248,33,0,851,114,38,29,0,36,985,83,98,259,180,138,548,520,0,0,0,0,0,0,0,0,0,0,342905623,0.796816479,0.106741573,0.077715356,0.027153558
40109108310,1061,247,558,256,279,517,265,0,7,0,12,28,0,51,0,2,45,40,50,0,69,202,484,0,68,3,0,758,217,33,21,1,31,972,89,109,234,280,191,370,691,0,0,0,0,0,0,0,0,0,0,161367352,0.714420358,0.204524034,0.083883129,0.019792648
40109106801,1044,125,577,342,352,353,339,0,0,0,43,0,17,17,0,0,1,0,3,0,3,894,8,0,52,6,0,945,43,22,7,0,27,998,46,83,219,265,352,456,588,0,0,0,0,0,0,0,0,0,0,363076542,0.905172414,0.041187739,0.044061303,0.006704981
40109103700,1042,240,520,282,305,417,320,0,0,28,249,39,17,120,10,0,0,0,57,0,2,5,350,39,100,24,2,762,204,36,18,1,21,922,120,160,264,220,158,649,393,0,0,0,0,0,0,0,0,0,0,524443894,0.731285988,0.195777351,0.115163148,0.017274472
40109108526,1039,368,503,168,225,417,397,0,4,0,43,0,2,260,0,11,33,265,19,182,39,23,41,0,112,5,0,858,97,41,16,0,27,959,80,75,222,200,174,533,506,0,0,0,0,0,0,0,0,0,0,302563785,0.825794033,0.093358999,0.076997113,0.015399423
40109108101,1033,174,599,260,165,400,468,0,2,0,79,211,281,8,32,4,0,8,36,0,73,102,152,33,1,11,0,790,124,52,37,0,30,957,76,100,265,276,218,604,429,0,0,0,0,0,0,0,0,0,0,827007679,0.764762827,0.120038722,0.07357212,0.035818006
40109103000,1029,254,614,161,185,432,412,0,0,0,0,11,0,0,11,42,220,4,278,0,134,53,125,0,125,16,10,702,230,39,34,0,24,960,69,104,222,250,199,503,526,0,0,0,0,0,0,0,0,0,0,262221947,0.682215743,0.223517979,0.067055394,0.033041788
40109103900,1003,196,564,243,116,368,519,0,2,0,88,544,102,20,114,1,0,0,7,0,34,1,47,0,18,25,0,777,119,41,35,4,27,890,113,114,301,256,136,812,191,0,0,0,0,0,0,0,0,0,0,685811246,0.774675972,0.118644068,0.112662014,0.034895314
40109103500,977,157,559,261,167,376,434,0,0,0,3,332,263,102,145,7,0,21,0,4,8,0,24,0,13,55,0,782,105,32,23,1,34,858,119,129,280,270,141,751,226,0,0,0,0,0,0,0,0,0,0,423589299,0.800409417,0.107471853,0.121801433,0.023541453
40109106609,976,244,489,243,248,402,326,0,37,0,25,21,20,112,0,5,104,9,175,1,33,33,184,0,101,116,0,841,72,23,15,1,24,895,81,83,206,230,213,431,545,0,0,0,0,0,0,0,0,0,0,262221947,0.861680328,0.073770492,0.082991803,0.015368852
40109105904,968,258,472,238,279,446,243,1,2,0,21,21,42,281,7,4,106,3,27,16,42,6,221,17,83,68,0,752,119,33,32,1,31,852,116,111,221,208,170,424,544,0,0,0,0,0,0,0,0,0,0,665640327,0.776859504,0.122933884,0.119834711,0.033057851
40109106906,962,359,433,170,462,385,115,0,2,0,6,0,0,270,0,7,51,30,30,0,38,0,112,12,390,14,0,645,206,57,21,2,31,861,101,116,196,182,109,419,543,0,0,0,0,0,0,0,0,0,0,262221947,0.67047817,0.214137214,0.104989605,0.021829522
40109106301,933,196,514,223,243,381,309,0,50,0,152,89,91,143,4,5,28,31,49,0,60,0,51,0,84,96,0,730,139,29,13,1,21,858,75,106,240,228,163,505,428,0,0,0,0,0,0,0,0,0,0,564785732,0.782422294,0.148981779,0.080385852,0.013933548
40109107214,925,336,434,155,357,366,202,0,0,0,6,35,19,194,0,17,31,12,3,0,28,93,195,30,262,0,0,682,143,51,20,0,29,829,96,76,175,205,133,361,564,0,0,0,0,0,0,0,0,0,0,201709190,0.737297297,0.154594595,0.103783784,0.021621622
40109107223,923,316,431,176,295,470,158,0,6,0,4,0,1,434,0,0,108,8,24,0,73,19,188,0,26,32,0,725,121,32,17,2,26,768,155,106,205,196,100,405,518,0,0,0,0,0,0,0,0,0,0,242051028,0.785482124,0.131094258,0.167930661,0.018418202
40109107001,922,200,508,214,157,477,288,0,0,0,169,148,56,166,103,0,53,35,22,10,72,0,0,0,16,64,8,780,72,34,12,1,23,803,119,138,255,219,110,592,330,0,0,0,0,0,0,0,0,0,0,484102056,0.845986985,0.078091106,0.129067245,0.013015184
40109106402,913,344,413,156,393,387,133,0,5,0,14,2,12,265,0,2,15,14,50,10,55,0,66,11,328,64,0,725,85,28,49,0,26,807,106,96,169,167,137,426,487,0,0,0,0,0,0,0,0,0,0,625298489,0.794085433,0.093099671,0.116100767,0.053669222
40109106403,905,212,474,219,302,366,237,0,16,0,6,2,10,242,0,5,139,2,79,0,26,7,160,25,96,90,0,724,105,27,36,0,13,837,68,95,168,223,207,322,583,0,0,0,0,0,0,0,0,0,0,948033193,0.8,0.116022099,0.075138122,0.039779006
40109100300,900,189,508,203,127,325,448,0,16,0,4,0,17,18,17,37,351,10,146,5,3,32,112,0,59,39,34,778,50,21,34,0,17,814,86,69,191,232,219,331,569,0,0,0,0,0,0,0,0,0,0,786665841,0.864444444,0.055555556,0.095555556,0.037777778
40109106401,864,264,377,223,321,270,273,0,22,6,9,2,71,152,0,2,49,14,122,104,13,2,60,1,121,56,58,712,64,30,35,1,22,791,73,80,165,190,165,377,487,0,0,0,0,0,0,0,0,0,0,867349517,0.824074074,0.074074074,0.084490741,0.040509259
40109106607,863,309,380,174,345,318,200,0,35,0,0,1,23,128,6,0,35,14,111,0,82,0,134,42,229,19,4,688,104,30,13,4,24,796,67,78,168,173,135,421,442,0,0,0,0,0,0,0,0,0,0,282392866,0.797219003,0.120509849,0.077636153,0.015063731
40109107219,849,210,474,165,360,309,180,0,2,0,9,2,1,184,6,0,17,5,34,0,290,0,283,0,4,12,0,615,140,45,30,0,19,729,120,96,219,196,128,415,434,0,0,0,0,0,0,0,0,0,0,504272975,0.724381625,0.164899882,0.141342756,0.035335689
40109104100,847,162,484,201,101,294,452,0,37,0,77,434,63,141,0,0,0,0,0,0,66,0,29,0,0,0,0,685,77,34,27,1,23,640,207,166,223,181,115,677,170,0,0,0,0,0,0,0,0,0,0,282392866,0.808736718,0.090909091,0.244391972,0.031877214
40109106914,843,264,427,152,455,319,69,0,0,0,5,0,2,133,0,3,6,50,2,0,226,0,123,0,276,17,0,578,192,33,9,2,29,687,156,126,178,179,96,407,436,0,0,0,0,0,0,0,0,0,0,363076542,0.685646501,0.227758007,0.185053381,0.010676157
40109107606,828,248,427,153,224,329,275,4,0,67,99,1,154,89,0,5,0,0,55,0,57,0,28,54,163,52,0,665,88,41,9,2,23,785,43,66,188,201,125,504,324,0,0,0,0,0,0,0,0,0,0,221880109,0.803140097,0.106280193,0.051932367,0.010869565
40109106915,817,191,454,172,360,320,137,0,0,0,15,19,48,234,53,0,34,16,129,0,77,0,45,28,108,11,0,615,123,21,38,2,18,696,121,108,189,205,124,443,374,0,0,0,0,0,0,0,0,0,0,363076542,0.752753978,0.150550796,0.148102815,0.046511628
40109107707,802,262,363,177,423,290,89,0,0,0,9,0,1,171,9,0,21,48,71,0,14,0,176,12,249,21,0,579,145,30,13,2,33,727,75,87,187,174,92,272,530,0,0,0,0,0,0,0,0,0,0,342905623,0.721945137,0.180798005,0.093516209,0.016209476
40109108218,781,233,388,160,237,337,207,0,33,0,90,3,39,185,7,4,64,9,69,1,81,4,84,16,63,29,0,646,62,31,23,1,18,719,62,68,180,146,154,389,392,0,0,0,0,0,0,0,0,0,0,927862274,0.827144686,0.079385403,0.079385403,0.029449424
40109102200,763,168,465,130,138,406,219,0,0,0,22,6,4,128,0,0,243,8,28,0,19,0,260,0,44,1,0,510,162,24,43,2,22,679,84,100,171,202,122,277,486,0,0,0,0,0,0,0,0,0,0,443760218,0.668414155,0.21231979,0.110091743,0.056356488
40109108106,723,166,401,156,166,236,321,4,15,0,270,30,57,58,1,0,9,19,50,0,32,17,62,47,37,15,0,616,49,28,11,0,19,674,49,62,163,173,159,484,239,0,0,0,0,0,0,0,0,0,0,806836760,0.852005533,0.067773167,0.067773167,0.015214385
40109107808,709,269,306,134,266,286,157,0,11,0,7,0,11,114,0,9,196,16,52,36,20,0,24,0,193,20,0,552,101,28,14,0,14,643,66,65,131,130,114,334,375,0,0,0,0,0,0,0,0,0,0,322734704,0.778561354,0.142454161,0.093088858,0.019746121
40109106707,708,240,336,132,246,375,87,0,0,0,16,0,19,160,2,1,1,33,40,9,112,9,101,0,205,0,0,502,128,34,17,1,26,635,73,73,159,157,79,349,359,0,0,0,0,0,0,0,0,0,0,363076542,0.709039548,0.18079096,0.103107345,0.024011299
40109108010,698,275,280,143,358,305,35,0,0,0,5,3,2,336,0,0,9,19,2,0,11,0,111,0,194,6,0,484,150,29,11,1,23,645,53,64,157,146,56,264,434,0,0,0,0,0,0,0,0,0,0,363076542,0.693409742,0.214899713,0.075931232,0.015759312
40109108802,687,249,333,105,313,258,116,0,3,0,16,0,2,109,1,20,38,1,45,0,24,7,80,20,230,15,76,560,54,33,20,0,20,638,49,51,128,154,105,327,360,0,0,0,0,0,0,0,0,0,0,564785732,0.815138282,0.07860262,0.0713246,0.029112082
40109108313,670,271,289,110,271,283,116,0,0,0,19,0,30,107,2,0,33,32,8,0,24,6,192,0,214,3,0,490,120,20,14,1,25,614,56,41,132,135,91,267,403,0,0,0,0,0,0,0,0,0,0,262221947,0.731343284,0.179104478,0.08358209,0.020895522
40109108316,669,179,383,107,168,265,236,0,42,0,26,8,44,13,14,0,18,4,111,4,76,0,236,0,55,18,0,532,76,22,21,0,18,633,36,56,133,163,138,306,363,0,0,0,0,0,0,0,0,0,0,645469408,0.795216741,0.113602392,0.053811659,0.031390135
40109103602,645,139,345,161,166,307,172,0,0,0,58,37,199,31,14,25,20,19,61,0,26,1,38,5,90,20,1,516,61,20,28,1,19,576,69,80,156,162,108,407,238,0,0,0,0,0,0,0,0,0,0,504272975,0.8,0.094573643,0.106976744,0.043410853
40109102600,638,150,353,135,72,299,267,0,0,0,2,4,18,9,6,0,44,3,17,0,12,0,337,0,39,36,111,484,85,33,16,1,19,596,42,60,121,169,138,242,396,0,0,0,0,0,0,0,0,0,0,262221947,0.75862069,0.13322884,0.065830721,0.02507837
40109104200,638,198,312,128,149,334,155,0,0,0,49,0,82,421,0,3,12,0,0,0,4,0,21,0,39,7,0,510,68,22,19,0,19,518,120,86,153,115,86,379,259,0,0,0,0,0,0,0,0,0,0,322734704,0.799373041,0.106583072,0.188087774,0.029780564
40109107222,635,181,331,123,168,247,220,0,0,0,28,7,15,114,4,0,110,5,14,0,0,3,160,0,129,46,0,512,64,26,19,0,14,559,76,59,141,132,122,308,327,0,0,0,0,0,0,0,0,0,0,322734704,0.806299213,0.100787402,0.119685039,0.02992126
40109108520,635,195,302,138,238,268,129,0,3,0,6,3,68,52,0,0,14,7,113,0,0,0,35,162,114,58,0,501,85,20,14,2,13,588,47,56,118,135,131,277,358,0,0,0,0,0,0,0,0,0,0,463931137,0.788976378,0.133858268,0.074015748,0.022047244
40109107706,628,267,269,92,326,259,43,0,0,0,0,3,0,197,0,0,9,0,2,0,232,0,33,0,108,44,0,441,112,38,15,0,22,576,52,70,136,111,44,346,282,0,0,0,0,0,0,0,0,0,0,161367352,0.702229299,0.178343949,0.082802548,0.02388535
40109106903,626,163,309,154,212,298,116,0,2,0,48,0,8,201,8,3,24,6,18,4,198,1,58,0,9,31,7,488,90,21,12,1,14,561,65,73,151,142,97,314,312,0,0,0,0,0,0,0,0,0,0,867349517,0.779552716,0.143769968,0.103833866,0.019169329
40109108109,626,123,285,218,176,198,252,0,33,0,70,1,26,45,11,5,27,18,213,5,52,0,86,0,0,34,0,550,28,18,11,1,18,599,27,45,122,176,160,292,334,0,0,0,0,0,0,0,0,0,0,867349517,0.878594249,0.044728435,0.04313099,0.017571885
40109108523,625,222,290,113,228,281,116,0,10,0,22,0,5,185,0,1,13,24,26,0,158,6,30,4,54,87,0,437,113,20,22,1,32,558,67,60,135,131,77,289,336,0,0,0,0,0,0,0,0,0,0,584956651,0.6992,0.1808,0.1072,0.0352
40109108900,615,149,313,153,193,251,171,3,2,0,31,36,22,62,11,3,46,0,4,11,5,166,141,5,43,1,23,495,70,27,3,1,19,582,33,73,157,155,81,264,351,0,0,0,0,0,0,0,0,0,0,625298489,0.804878049,0.113821138,0.053658537,0.004878049
40109106601,608,147,298,163,144,286,178,0,5,0,3,0,68,172,3,2,96,12,31,5,43,0,94,0,61,13,0,486,66,25,18,0,13,552,56,62,150,144,105,273,335,0,0,0,0,0,0,0,0,0,0,564785732,0.799342105,0.108552632,0.092105263,0.029605263
40109108530,590,198,273,119,226,273,91,0,4,0,6,2,7,212,0,0,9,11,21,0,50,0,154,2,67,45,0,441,97,14,17,0,21,545,45,57,128,124,83,230,360,0,0,0,0,0,0,0,0,0,0,322734704,0.747457627,0.16440678,0.076271186,0.028813559
40109104800,578,145,320,113,144,277,157,0,0,0,68,54,103,20,8,0,0,49,0,0,17,72,66,0,110,11,0,462,65,23,10,0,18,479,99,88,134,130,81,317,261,0,0,0,0,0,0,0,0,0,0,443760218,0.799307958,0.112456747,0.171280277,0.017301038
40109107220,569,227,231,111,293,236,40,0,2,0,2,0,0,246,0,0,20,6,39,2,0,0,47,30,170,5,0,416,87,32,19,0,15,484,85,68,109,113,52,247,322,0,0,0,0,0,0,0,0,0,0,363076542,0.731107206,0.152899824,0.149384886,0.033391916
40109108206,559,251,216,92,252,182,125,0,2,0,25,0,28,96,0,24,2,3,30,1,21,1,30,27,226,43,0,468,42,12,25,1,11,514,45,32,94,91,91,272,287,0,0,0,0,0,0,0,0,0,0,645469408,0.837209302,0.075134168,0.080500894,0.044722719
40109108114,557,168,275,114,215,165,177,0,3,0,50,0,53,68,0,7,6,14,85,3,5,17,85,0,141,20,0,454,45,25,15,0,18,535,22,47,79,140,123,256,301,0,0,0,0,0,0,0,0,0,0,564785732,0.81508079,0.080789946,0.039497307,0.026929982
40109107607,554,194,273,87,223,190,141,0,0,0,77,1,0,62,2,0,39,5,31,0,5,0,146,0,172,14,0,375,123,22,13,0,21,521,33,47,125,115,73,221,333,0,0,0,0,0,0,0,0,0,0,342905623,0.676895307,0.222021661,0.059566787,0.023465704
40109107215,546,126,342,78,199,224,123,0,0,0,12,1,9,10,3,6,14,7,0,0,117,0,356,0,4,7,0,318,169,40,10,1,8,458,88,76,121,137,86,158,388,0,0,0,0,0,0,0,0,0,0,221880109,0.582417582,0.30952381,0.161172161,0.018315018
40109108403,537,122,281,134,157,201,179,0,3,0,1,0,17,63,3,14,165,27,58,0,32,25,44,5,70,10,0,442,54,14,20,1,6,507,30,53,114,123,125,207,330,0,0,0,0,0,0,0,0,0,0,322734704,0.823091248,0.100558659,0.055865922,0.037243948
40109104900,528,142,265,121,249,215,64,0,0,0,33,50,0,52,17,0,29,0,0,16,7,0,270,0,42,12,0,378,82,37,14,2,15,443,85,75,118,133,60,172,356,0,0,0,0,0,0,0,0,0,0,463931137,0.715909091,0.15530303,0.160984848,0.026515152
40109108215,526,225,220,81,237,175,114,0,3,0,18,3,10,103,3,2,60,3,38,0,37,29,52,27,114,24,0,415,68,15,14,0,14,504,22,45,92,93,71,242,284,0,0,0,0,0,0,0,0,0,0,645469408,0.788973384,0.129277567,0.041825095,0.02661597
40109108217,521,185,253,83,189,194,138,0,21,0,23,0,21,33,0,12,59,20,79,0,57,11,48,0,96,41,0,418,57,20,8,0,18,490,31,45,102,111,78,244,277,0,0,0,0,0,0,0,0,0,0,605127570,0.802303263,0.10940499,0.05950096,0.015355086
40109108219,516,252,222,42,247,181,88,5,7,0,19,4,24,18,0,0,6,27,33,4,10,0,75,1,226,57,0,406,35,22,40,0,13,484,32,37,82,75,70,202,314,0,0,0,0,0,0,0,0,0,0,504272975,0.786821705,0.067829457,0.062015504,0.07751938
40109104700,515,112,305,98,234,243,38,0,0,0,9,40,0,43,0,10,23,7,8,89,251,0,16,0,6,13,0,335,138,18,14,0,10,381,134,95,119,118,71,301,214,0,0,0,0,0,0,0,0,0,0,443760218,0.650485437,0.267961165,0.260194175,0.027184466
40109107216,511,117,299,95,266,178,67,0,0,0,0,0,0,84,0,0,0,3,15,0,206,0,134,0,63,6,0,296,157,29,8,0,21,429,82,91,130,125,48,224,287,0,0,0,0,0,0,0,0,0,0,242051028,0.57925636,0.307240705,0.160469667,0.015655577
40109107809,507,97,272,138,87,314,106,0,0,0,0,298,0,150,0,0,0,0,10,0,10,0,9,0,25,5,0,396,44,18,32,0,17,467,40,62,148,144,56,247,260,0,0,0,0,0,0,0,0,0,0,161367352,0.781065089,0.08678501,0.078895464,0.063116371
40109105202,489,33,249,207,86,173,230,0,0,0,0,0,0,2,0,0,1,0,0,0,0,451,34,0,0,1,0,310,147,17,3,0,12,467,22,40,122,156,138,196,293,0,0,0,0,0,0,0,0,0,0,80683676,0.63394683,0.300613497,0.044989775,0.006134969
40109101200,485,219,202,64,247,203,35,0,0,0,0,14,11,57,0,0,10,0,0,0,19,0,21,0,343,10,0,378,53,17,17,0,20,439,46,48,87,81,50,219,266,0,0,0,0,0,0,0,0,0,0,201709190,0.779381443,0.109278351,0.094845361,0.035051546
40109108203,477,143,244,90,158,219,100,0,1,0,76,37,4,55,9,0,16,7,4,0,65,0,101,6,82,14,0,363,71,19,7,2,15,438,39,58,106,122,48,231,246,0,0,0,0,0,0,0,0,0,0,645469408,0.761006289,0.14884696,0.081761006,0.014675052
40109106907,474,155,217,102,206,206,62,0,0,0,12,4,2,124,0,2,29,1,101,0,74,0,37,15,64,9,0,337,76,20,20,3,18,409,65,56,102,90,71,212,262,0,0,0,0,0,0,0,0,0,0,201709190,0.710970464,0.160337553,0.137130802,0.042194093
40109108506,467,120,227,120,141,136,190,0,24,0,11,16,10,10,3,5,139,18,41,0,23,22,55,52,20,18,0,401,26,14,11,2,13,437,30,36,85,119,107,211,256,0,0,0,0,0,0,0,0,0,0,605127570,0.858672377,0.055674518,0.064239829,0.023554604
40109106704,460,118,221,121,180,162,118,7,1,0,39,2,12,44,14,0,3,9,12,0,5,145,35,0,57,44,31,386,35,20,6,1,12,424,36,47,93,105,97,245,215,0,0,0,0,0,0,0,0,0,0,524443894,0.839130435,0.076086957,0.07826087,0.013043478
40109107705,460,164,212,84,181,188,91,0,0,0,0,0,0,101,0,0,32,5,16,0,16,0,84,0,198,8,0,330,73,33,10,1,13,418,42,47,102,87,60,180,280,0,0,0,0,0,0,0,0,0,0,181538271,0.717391304,0.158695652,0.091304348,0.02173913
40109102100,439,136,215,88,123,213,103,0,0,4,8,0,10,58,5,2,65,1,35,0,22,0,162,0,51,16,0,340,50,17,13,0,19,380,59,40,98,89,76,197,242,0,0,0,0,0,0,0,0,0,0,685811246,0.774487472,0.113895216,0.134396355,0.029612756
40109108704,436,144,189,103,162,183,91,0,32,0,104,5,8,87,3,0,10,3,13,0,35,0,6,0,125,5,0,374,13,22,11,0,16,415,21,54,110,85,43,225,211,0,0,0,0,0,0,0,0,0,0,665640327,0.857798165,0.029816514,0.048165138,0.025229358
40109104300,424,83,227,114,59,225,140,0,0,0,45,7,53,78,2,0,2,0,26,0,0,0,0,1,19,191,0,329,31,22,32,2,8,358,66,53,117,103,68,330,94,0,0,0,0,0,0,0,0,0,0,463931137,0.775943396,0.073113208,0.155660377,0.075471698
40109107605,424,151,212,61,147,144,133,0,0,0,3,0,8,320,0,0,2,77,0,0,10,0,2,0,2,0,0,319,80,12,4,0,9,392,32,38,85,95,55,268,156,0,0,0,0,0,0,0,0,0,0,221880109,0.752358491,0.188679245,0.075471698,0.009433962
40109106910,411,114,221,76,126,151,134,0,0,0,19,0,5,46,1,63,3,0,41,0,9,0,128,8,58,30,0,340,42,16,4,0,9,380,31,25,110,88,74,196,215,0,0,0,0,0,0,0,0,0,0,302563785,0.827250608,0.102189781,0.075425791,0.00973236
40109107302,410,132,184,94,152,175,83,0,0,57,24,1,7,185,4,0,0,5,18,0,4,0,27,0,74,4,0,312,59,12,9,2,16,363,47,34,110,89,45,226,184,0,0,0,0,0,0,0,0,0,0,282392866,0.76097561,0.143902439,0.114634146,0.02195122
40109106708,407,62,221,124,56,141,210,0,1,0,42,39,2,13,214,0,25,0,13,0,32,14,0,0,9,3,0,356,21,18,4,0,8,390,17,34,106,137,68,304,103,0,0,0,0,0,0,0,0,0,0,302563785,0.874692875,0.051597052,0.041769042,0.00982801
40109101100,405,157,185,63,168,190,47,0,0,0,21,0,1,34,0,0,0,10,17,0,4,0,26,1,266,25,0,334,28,15,17,0,11,364,41,36,81,77,54,195,210,0,0,0,0,0,0,0,0,0,0,282392866,0.824691358,0.069135802,0.101234568,0.041975309
40109102400,400,126,208,66,114,224,62,0,0,0,25,15,16,19,0,5,3,3,8,0,9,0,147,13,137,0,0,313,56,8,10,0,13,336,64,43,72,104,55,174,226,0,0,0,0,0,0,0,0,0,0,443760218,0.7825,0.14,0.16,0.025
40109108011,394,109,216,69,139,180,75,0,0,0,0,10,6,67,0,0,88,3,3,0,95,0,28,0,19,43,32,258,108,7,9,3,9,362,32,47,84,98,56,171,223,0,0,0,0,0,0,0,0,0,0,262221947,0.654822335,0.274111675,0.081218274,0.02284264
40109106902,383,113,192,78,126,139,118,0,5,0,11,1,6,43,4,66,37,4,25,0,3,0,71,0,87,20,0,316,38,12,6,0,11,354,29,41,80,97,52,231,152,0,0,0,0,0,0,0,0,0,0,423589299,0.825065274,0.09921671,0.075718016,0.015665796
40109102800,382,60,210,112,72,169,141,0,0,0,20,132,19,14,0,0,0,0,0,0,6,37,153,0,0,1,0,205,157,5,7,0,8,360,22,46,97,105,74,205,177,0,0,0,0,0,0,0,0,0,0,201709190,0.536649215,0.410994764,0.057591623,0.018324607
40109104500,380,108,181,91,161,162,57,0,9,0,83,43,0,82,4,0,32,2,18,0,4,2,3,0,77,21,0,302,25,18,16,2,17,278,102,65,85,77,45,213,167,0,0,0,0,0,0,0,0,0,0,463931137,0.794736842,0.065789474,0.268421053,0.042105263
40109108006,378,130,178,70,196,127,55,0,12,0,25,2,1,72,0,1,14,24,17,0,0,0,29,85,53,43,0,302,40,10,13,0,13,343,35,51,76,77,44,162,216,0,0,0,0,0,0,0,0,0,0,302563785,0.798941799,0.105820106,0.092592593,0.034391534
40109108221,376,176,155,45,195,106,75,0,48,0,19,28,28,35,5,3,18,10,26,0,13,12,7,9,108,7,0,328,23,8,9,0,8,359,17,25,53,62,60,153,223,0,0,0,0,0,0,0,0,0,0,827007679,0.872340426,0.061170213,0.045212766,0.02393617
40109100400,375,89,216,70,103,193,79,0,0,0,32,43,0,34,0,0,47,0,0,0,3,17,150,0,49,0,0,174,175,13,6,0,7,349,26,46,97,88,55,164,211,0,0,0,0,0,0,0,0,0,0,282392866,0.464,0.466666667,0.069333333,0.016
40109109202,374,78,225,71,90,165,119,0,3,13,109,18,5,23,0,12,14,2,19,0,4,115,16,0,7,2,12,324,24,18,3,0,5,365,9,36,91,89,80,189,185,0,0,0,0,0,0,0,0,0,0,504272975,0.86631016,0.064171123,0.024064171,0.00802139
40109101700,368,81,193,94,116,133,119,0,0,0,2,4,15,39,0,0,51,10,100,0,5,3,44,0,56,39,0,282,57,10,7,0,12,340,28,24,76,108,79,154,214,0,0,0,0,0,0,0,0,0,0,504272975,0.766304348,0.154891304,0.076086957,0.019021739
40109108709,368,198,127,43,214,124,30,0,0,0,38,0,3,166,15,0,10,0,8,0,6,0,0,0,118,4,0,311,23,9,6,0,19,353,15,24,60,55,31,185,183,0,0,0,0,0,0,0,0,0,0,383247461,0.845108696,0.0625,0.04076087,0.016304348
40109105400,366,80,207,79,92,142,132,0,0,0,93,2,3,105,0,59,22,2,26,0,9,0,0,0,5,40,0,302,19,11,24,0,10,325,41,48,100,87,51,232,134,0,0,0,0,0,0,0,0,0,0,342905623,0.825136612,0.051912568,0.112021858,0.06557377
40109102000,359,125,191,43,121,114,124,0,4,0,26,10,7,71,1,0,14,0,104,0,10,0,23,0,62,27,0,251,61,21,18,0,8,318,41,28,72,84,50,153,206,0,0,0,0,0,0,0,0,0,0,584956651,0.699164345,0.169916435,0.114206128,0.050139276
40109106802,358,96,177,85,106,131,121,0,0,4,38,0,13,89,0,0,17,10,22,0,43,3,8,0,17,22,72,305,20,8,8,0,17,314,44,47,72,79,64,206,152,0,0,0,0,0,0,0,0,0,0,322734704,0.851955307,0.055865922,0.122905028,0.022346369
40109106702,350,67,201,82,75,157,118,0,5,0,49,18,6,51,43,0,50,1,42,0,21,4,22,1,0,37,0,296,22,14,10,0,8,316,34,28,97,89,69,213,137,0,0,0,0,0,0,0,0,0,0,564785732,0.845714286,0.062857143,0.097142857,0.028571429
40109107218,339,90,177,72,76,182,81,0,0,0,2,0,0,105,2,0,32,0,15,0,0,4,156,0,20,3,0,270,35,10,12,0,12,283,56,37,71,72,69,111,228,0,0,0,0,0,0,0,0,0,0,221880109,0.796460177,0.103244838,0.16519174,0.03539823
40109105905,336,95,160,81,146,151,39,0,0,0,4,0,0,13,1,0,29,4,33,0,0,0,30,3,212,7,0,233,78,8,8,0,9,297,39,38,94,66,43,155,181,0,0,0,0,0,0,0,0,0,0,282392866,0.693452381,0.232142857,0.116071429,0.023809524
40109105500,324,121,152,51,118,122,84,0,0,0,40,0,0,22,0,63,42,3,6,0,0,0,42,0,96,10,0,256,33,17,7,0,11,259,65,42,69,54,38,162,162,0,0,0,0,0,0,0,0,0,0,322734704,0.790123457,0.101851852,0.200617284,0.021604938
40109107213,321,143,121,57,152,141,28,0,0,0,15,0,3,38,12,0,0,31,19,0,31,0,25,10,117,20,0,244,42,18,6,2,9,278,43,36,50,63,29,165,156,0,0,0,0,0,0,0,0,0,0,322734704,0.760124611,0.130841121,0.133956386,0.018691589
40109108005,321,51,205,65,74,163,84,2,3,0,17,27,0,0,4,0,0,0,4,0,15,0,237,0,1,8,3,175,116,11,5,3,11,311,10,25,80,96,69,136,185,0,0,0,0,0,0,0,0,0,0,302563785,0.54517134,0.361370717,0.031152648,0.015576324
40109108707,313,107,150,56,121,114,78,0,0,0,6,21,12,5,0,10,9,17,7,10,0,0,127,33,55,1,0,248,28,12,7,2,16,291,22,27,72,63,44,124,189,0,0,0,0,0,0,0,0,0,0,302563785,0.792332268,0.089456869,0.07028754,0.022364217
40109107404,299,70,152,77,101,133,65,0,0,0,4,1,9,30,3,0,7,25,7,0,99,0,37,0,58,19,0,193,65,12,19,1,9,271,28,33,57,77,62,104,195,0,0,0,0,0,0,0,0,0,0,262221947,0.64548495,0.217391304,0.093645485,0.063545151
40109108706,297,95,126,76,155,113,29,0,0,0,9,0,1,125,0,0,0,5,5,0,81,0,0,0,52,17,2,209,61,11,5,0,11,250,47,39,67,63,33,160,137,0,0,0,0,0,0,0,0,0,0,282392866,0.703703704,0.205387205,0.158249158,0.016835017
40109107217,293,101,133,59,135,134,24,0,0,0,12,4,5,41,0,0,32,0,33,0,37,0,19,0,107,3,0,230,24,14,10,2,13,246,47,33,58,61,40,121,172,0,0,0,0,0,0,0,0,0,0,242051028,0.784982935,0.081911263,0.160409556,0.034129693
40109108402,271,93,115,63,112,83,76,0,1,0,5,10,2,48,1,4,62,6,14,0,44,0,2,0,66,6,0,224,28,8,8,1,2,258,13,19,48,51,60,121,150,0,0,0,0,0,0,0,0,0,0,363076542,0.826568266,0.103321033,0.04797048,0.029520295
40109101800,266,84,140,42,94,120,52,0,2,0,6,3,5,2,0,8,30,4,29,0,19,0,82,0,76,0,0,194,49,7,5,0,11,251,15,21,48,66,47,132,134,0,0,0,0,0,0,0,0,0,0,443760218,0.729323308,0.184210526,0.056390977,0.018796992
40109108003,265,41,157,67,39,143,83,0,0,0,9,79,5,3,10,0,0,35,3,0,21,65,21,0,10,4,0,189,47,15,3,0,11,245,20,37,84,64,39,133,132,0,0,0,0,0,0,0,0,0,0,463931137,0.713207547,0.177358491,0.075471698,0.011320755
40109101300,259,53,149,57,79,139,41,0,0,0,0,0,3,51,0,82,7,7,3,0,11,0,95,0,0,0,0,65,172,6,6,3,7,249,10,27,60,78,41,101,158,0,0,0,0,0,0,0,0,0,0,242051028,0.250965251,0.664092664,0.038610039,0.023166023
40109108513,259,99,118,42,99,85,75,0,0,0,19,0,6,41,0,3,7,2,8,4,73,0,2,0,92,2,0,214,21,7,9,2,6,239,20,21,39,57,43,137,122,0,0,0,0,0,0,0,0,0,0,383247461,0.826254826,0.081081081,0.077220077,0.034749035
40109106706,250,66,121,63,126,96,28,0,0,0,5,0,6,112,0,0,3,6,6,0,23,0,22,0,58,9,0,178,52,9,10,0,1,242,8,24,67,56,37,114,136,0,0,0,0,0,0,0,0,0,0,322734704,0.712,0.208,0.032,0.04
40109106909,244,77,107,60,77,94,73,0,0,0,39,0,12,77,0,0,31,9,1,15,10,0,8,0,37,5,0,190,23,8,7,3,13,198,46,27,60,51,29,136,108,0,0,0,0,0,0,0,0,0,0,201709190,0.778688525,0.094262295,0.18852459,0.028688525
40109106303,243,61,113,69,92,119,32,0,2,0,35,2,2,53,3,0,8,15,8,0,19,0,31,0,43,22,0,174,44,5,8,0,12,218,25,34,56,59,33,142,101,0,0,0,0,0,0,0,0,0,0,584956651,0.716049383,0.181069959,0.102880658,0.032921811
40109107807,242,105,98,39,116,80,46,0,0,0,9,1,7,21,1,0,36,10,2,0,5,0,13,0,132,5,0,192,30,7,2,0,11,225,17,25,53,36,23,109,133,0,0,0,0,0,0,0,0,0,0,342905623,0.79338843,0.123966942,0.070247934,0.008264463
40109104600,240,52,136,52,62,107,71,0,0,0,10,23,79,80,0,0,8,0,2,0,0,0,1,0,25,12,0,197,18,11,2,0,12,202,38,26,65,56,41,132,108,0,0,0,0,0,0,0,0,0,0,242051028,0.820833333,0.075,0.158333333,0.008333333
40109107801,239,71,112,56,82,74,83,0,0,0,23,0,3,57,1,0,0,4,2,0,7,0,0,0,28,114,0,187,25,10,7,0,10,221,18,29,61,46,32,136,103,0,0,0,0,0,0,0,0,0,0,242051028,0.782426778,0.10460251,0.075313808,0.029288703
40109107810,239,73,114,52,138,90,11,0,0,0,8,0,0,10,0,0,3,0,0,0,0,0,159,0,49,10,0,135,82,8,5,0,9,226,13,29,59,57,21,87,152,0,0,0,0,0,0,0,0,0,0,201709190,0.564853556,0.343096234,0.054393305,0.020920502
40109108703,233,45,150,38,68,85,80,0,1,0,69,1,6,18,5,0,1,6,4,0,71,12,26,5,8,0,0,200,15,8,0,1,9,226,7,18,68,65,37,138,95,0,0,0,0,0,0,0,0,0,0,504272975,0.858369099,0.064377682,0.030042918,0
40109104000,228,29,130,69,40,103,85,0,0,0,0,20,32,17,49,0,0,2,0,0,0,0,44,0,0,64,0,191,23,9,2,0,3,160,68,35,78,51,35,127,101,0,0,0,0,0,0,0,0,0,0,201709190,0.837719298,0.100877193,0.298245614,0.00877193
40109107805,210,70,93,47,96,73,41,0,0,0,1,2,4,33,1,0,8,0,0,0,5,0,23,0,71,31,31,164,15,8,11,0,12,191,19,17,46,42,35,93,117,0,0,0,0,0,0,0,0,0,0,221880109,0.780952381,0.071428571,0.09047619,0.052380952
40109108701,201,32,114,55,35,86,80,0,0,0,62,0,0,54,0,0,3,0,2,0,15,27,4,0,3,31,0,169,11,9,4,1,7,188,13,24,59,53,33,137,64,0,0,0,0,0,0,0,0,0,0,282392866,0.84079602,0.054726368,0.064676617,0.019900498
40109108009,200,71,85,44,75,97,28,0,0,0,0,0,18,82,4,0,0,0,12,8,9,0,59,0,0,8,0,146,27,3,17,1,6,174,26,22,43,33,31,78,122,0,0,0,0,0,0,0,0,0,0,201709190,0.73,0.135,0.13,0.085
40109107704,198,93,79,26,113,70,15,0,0,0,0,0,0,55,0,0,1,2,0,0,9,0,3,0,127,1,0,154,26,7,5,0,6,181,17,14,28,39,24,94,104,0,0,0,0,0,0,0,0,0,0,141196433,0.777777778,0.131313131,0.085858586,0.025252525
40109108708,196,71,93,32,92,70,34,0,0,0,58,0,2,51,0,3,3,2,19,0,10,0,10,0,38,0,0,172,6,10,6,0,2,178,18,17,35,49,24,93,103,0,0,0,0,0,0,0,0,0,0,262221947,0.87755102,0.030612245,0.091836735,0.030612245
40109107900,194,33,113,48,52,86,56,0,0,0,11,43,4,0,29,0,0,0,0,0,3,0,74,0,8,22,0,98,82,4,6,0,4,186,8,23,58,54,26,99,95,0,0,0,0,0,0,0,0,0,0,242051028,0.505154639,0.422680412,0.041237113,0.030927835
40109109004,185,42,100,43,68,66,51,9,4,5,62,42,0,8,0,1,0,0,5,0,0,47,0,0,0,2,0,162,9,8,3,0,3,171,14,23,47,53,20,101,84,0,0,0,0,0,0,0,0,0,0,403418380,0.875675676,0.048648649,0.075675676,0.016216216
40109105000,179,49,83,47,50,97,32,0,0,0,8,3,1,28,0,0,34,14,8,0,10,0,46,13,5,9,0,136,21,8,9,1,4,140,39,34,34,43,19,78,101,0,0,0,0,0,0,0,0,0,0,302563785,0.759776536,0.117318436,0.217877095,0.05027933
40109100900,165,33,92,40,53,72,40,0,2,0,3,26,0,68,0,0,4,2,10,0,29,3,11,0,0,7,0,132,13,7,6,0,7,145,20,19,46,40,27,64,101,0,0,0,0,0,0,0,0,0,0,322734704,0.8,0.078787879,0.121212121,0.036363636
40109108804,165,27,80,58,59,51,55,0,0,0,7,0,0,2,0,0,0,0,0,0,3,129,14,0,0,10,0,141,6,8,2,0,8,154,11,17,42,40,39,89,76,0,0,0,0,0,0,0,0,0,0,201709190,0.854545455,0.036363636,0.066666667,0.012121212
40109108107,162,27,88,47,35,59,68,0,8,0,25,0,10,6,3,0,14,6,19,2,39,0,8,0,0,22,0,149,5,4,1,0,3,144,18,16,39,34,46,105,57,0,0,0,0,0,0,0,0,0,0,504272975,0.919753086,0.030864198,0.111111111,0.00617284
40109102300,159,45,71,43,61,55,43,0,1,0,10,4,21,36,2,0,0,0,4,0,11,3,3,0,59,5,0,129,8,7,11,0,4,138,21,21,24,41,28,91,68,0,0,0,0,0,0,0,0,0,0,403418380,0.811320755,0.050314465,0.132075472,0.06918239
40109107211,158,55,62,41,88,57,13,0,1,0,2,0,1,17,0,2,7,0,2,0,5,0,22,0,88,11,0,132,12,3,4,0,7,131,27,21,36,31,15,63,95,0,0,0,0,0,0,0,0,0,0,181538271,0.835443038,0.075949367,0.170886076,0.025316456
40109105906,152,36,70,46,56,77,19,0,0,0,5,1,16,34,10,0,7,6,12,0,13,0,28,0,0,20,0,117,13,6,6,0,10,137,15,21,43,36,16,70,82,0,0,0,0,0,0,0,0,0,0,403418380,0.769736842,0.085526316,0.098684211,0.039473684
40109108524,140,42,70,28,39,43,58,0,43,0,13,1,2,3,0,0,7,7,13,0,13,4,8,0,24,2,0,119,7,8,3,0,3,126,14,9,29,31,29,90,50,0,0,0,0,0,0,0,0,0,0,443760218,0.85,0.05,0.1,0.021428571
40109104400,120,33,54,33,40,65,15,0,0,0,18,0,11,31,0,0,5,1,7,0,3,0,18,0,14,12,0,87,7,6,13,1,6,87,33,26,22,25,14,51,69,0,0,0,0,0,0,0,0,0,0,342905623,0.725,0.058333333,0.275,0.108333333
40109106911,116,38,48,30,40,57,19,0,1,0,27,11,8,0,0,0,3,0,5,0,26,4,6,9,16,0,0,89,11,5,9,0,2,108,8,20,26,19,13,62,54,0,0,0,0,0,0,0,0,0,0,161367352,0.767241379,0.094827586,0.068965517,0.077586207
40109100700,106,29,65,12,25,31,50,0,0,0,0,6,0,0,2,0,0,3,3,0,0,91,0,0,0,1,0,89,6,3,2,0,6,97,9,14,20,23,20,46,60,0,0,0,0,0,0,0,0,0,0,141196433,0.839622642,0.056603774,0.08490566,0.018867925
40109101400,104,44,46,14,55,39,10,0,0,0,7,2,0,52,0,0,0,0,0,0,0,0,20,0,20,3,0,57,36,6,3,0,2,68,36,11,22,17,10,39,65,0,0,0,0,0,0,0,0,0,0,221880109,0.548076923,0.346153846,0.346153846,0.028846154
40109108803,81,20,42,19,24,39,18,0,1,0,31,0,1,0,0,0,0,1,8,0,19,10,0,6,0,4,0,72,6,3,0,0,0,73,8,5,19,27,10,53,28,0,0,0,0,0,0,0,0,0,0,100854595,0.888888889,0.074074074,0.098765432,0
40109107210,73,18,39,16,29,33,11,0,0,0,2,0,2,48,0,0,1,0,6,0,0,0,12,0,0,2,0,53,19,0,1,0,0,69,4,4,14,29,8,34,39,0,0,0,0,0,0,0,0,0,0,80683676,0.726027397,0.260273973,0.054794521,0.01369863
40109108309,60,12,35,13,8,37,15,0,0,0,0,0,1,2,0,0,0,12,2,0,5,38,0,0,0,0,0,43,13,2,1,1,0,59,1,9,13,15,11,15,45,0,0,0,0,0,0,0,0,0,0,100854595,0.716666667,0.216666667,0.016666667,0.016666667
40109105201,43,12,22,9,20,14,9,0,0,0,8,0,0,7,0,0,0,3,7,0,2,0,10,0,0,6,0,20,16,2,4,0,1,35,8,11,5,8,7,20,23,0,0,0,0,0,0,0,0,0,0,161367352,0.465116279,0.372093023,0.186046512,0.093023256
40109108525,34,7,14,13,10,16,8,0,0,0,6,3,1,2,0,0,3,1,2,0,6,0,10,0,0,0,0,26,6,1,1,0,0,30,4,5,7,7,8,21,13,0,0,0,0,0,0,0,0,0,0,262221947,0.764705882,0.176470588,0.117647059,0.029411765
40109107103,32,8,18,6,18,12,2,0,0,0,0,0,0,14,0,0,0,9,0,0,0,0,0,5,3,1,0,22,2,3,5,0,0,28,4,4,12,4,4,14,18,0,0,0,0,0,0,0,0,0,0,121025514,0.6875,0.0625,0.125,0.15625
40109100600,23,6,9,8,6,12,5,0,0,0,0,0,0,1,0,0,0,1,4,0,1,0,6,0,8,2,0,12,6,3,1,0,1,21,2,3,5,5,4,9,14,0,0,0,0,0,0,0,0,0,0,201709190,0.52173913,0.260869565,0.086956522,0.043478261
40109109001,20,5,11,4,7,11,2,0,0,0,11,3,0,0,0,0,0,0,0,0,6,0,0,0,0,0,0,16,0,3,0,0,1,20,0,1,8,5,1,14,6,0,0,0,0,0,0,0,0,0,0,60512757,0.8,0,0,0
40109107104,19,5,9,5,5,10,4,0,0,0,7,0,0,12,0,0,0,0,0,0,0,0,0,0,0,0,0,15,0,2,0,0,2,19,0,2,5,3,4,12,7,0,0,0,0,0,0,0,0,0,0,60512757,0.789473684,0,0,0
